ID,name,category,gender,follower_count,platform
1,Thomas Moore,Parenting,Other,728469,YouTube
2,Donna Carlson,Parenting,Female,389881,YouTube
3,Ryan Stone,Fitness,Other,55720,Twitter
4,Sherri Fernandez,Health,Male,574610,Instagram
5,Nicholas Miller,Fitness,Male,677404,YouTube
6,Diane Wiley,Parenting,Male,218498,Instagram
7,Benjamin Preston,Fitness,Male,739140,TikTok
8,Maria Thompson,Lifestyle,Male,888321,Twitter
9,Alexander Cox,Parenting,Male,844370,Instagram
10,Robert Rowland,Health,Female,11310,Twitter
11,Justin Lozano,Lifestyle,Male,715918,Instagram
12,Kimberly Oconnor,Health,Other,718597,TikTok
13,Nicole Diaz,Health,Female,407890,Twitter
14,Laura House,Fitness,Male,425056,Twitter
15,Theresa Parsons,Fitness,Male,768966,Instagram
16,Brandon Thompson,Lifestyle,Other,626678,Instagram
17,Rhonda Weeks,Health,Female,226513,YouTube
18,David Foley,Lifestyle,Other,692372,Twitter
19,Jared Reyes,Lifestyle,Other,450712,TikTok
20,Melissa Wall,Lifestyle,Male,289836,TikTok
21,Tony Green,Parenting,Male,916402,TikTok
22,Thomas Harris,Health,Other,433015,Instagram
23,Gerald Willis,Parenting,Other,622323,Instagram
24,Ian Harris,Parenting,Male,451506,TikTok
25,Antonio Walker,Health,Male,438337,YouTube
26,Kim Shea,Parenting,Other,480813,Twitter
27,Cameron Foley,Parenting,Male,560158,Twitter
28,Kenneth Maynard,Health,Female,896300,Instagram
29,James Ramos,Parenting,Male,288936,YouTube
30,Deborah Singh,Lifestyle,Male,240474,Twitter
31,Robert Jordan,Lifestyle,Male,756980,Twitter
32,Rebecca Fuller,Lifestyle,Female,392264,Instagram
33,Christopher Arias,Fitness,Male,518015,TikTok
34,Alan Richardson,Fitness,Female,977927,Instagram
35,Karen Davenport,Parenting,Female,851522,YouTube
36,Peter Wright,Health,Other,143955,TikTok
37,Lindsay Roberts,Health,Other,737931,Twitter
38,Alicia Pollard,Parenting,Other,934405,YouTube
39,Justin Lee,Parenting,Female,956666,YouTube
40,Paul Conner MD,Health,Female,499017,Twitter
41,Paul Smith,Health,Other,241051,YouTube
42,Jodi Martin,Fitness,Female,934127,TikTok
43,Samuel Anderson,Parenting,Female,419924,Twitter
44,Jerry Stewart,Fitness,Other,463993,TikTok
45,Lisa Wilson,Lifestyle,Female,669433,TikTok
46,Vanessa Parker,Health,Male,636418,Twitter
47,Anne Caldwell,Lifestyle,Female,98548,Instagram
48,Randy Cox,Health,Male,549044,TikTok
49,James Blackwell,Health,Male,781480,TikTok
50,Ethan Carney,Fitness,Other,48723,Instagram
51,Michael Kelly,Fitness,Other,687271,Instagram
52,Jesse Flores,Health,Other,530995,Instagram
53,Larry Fischer,Lifestyle,Other,889353,Twitter
54,Joseph Lopez,Parenting,Female,810897,TikTok
55,David Willis,Lifestyle,Male,413234,Twitter
56,Rhonda Boyd,Health,Male,314252,YouTube
57,Cynthia Russell,Lifestyle,Male,824947,YouTube
58,Tammy Anderson,Fitness,Female,804375,YouTube
59,Gregory Kim,Parenting,Female,980440,Twitter
60,Jeffery Bennett,Parenting,Other,718891,Twitter
61,Phillip Thompson,Health,Female,745419,Instagram
62,Jessica Yoder,Fitness,Male,884933,Instagram
63,Paul Cruz,Health,Male,802445,Instagram
64,Jennifer Thomas,Parenting,Other,928375,Twitter
65,Thomas Thomas,Health,Male,329531,TikTok
66,Cory Olsen,Fitness,Male,513305,Instagram
67,David Hawkins,Fitness,Female,842516,YouTube
68,Lisa Henry,Health,Male,360583,TikTok
69,Sandra Johnson,Fitness,Female,675774,YouTube
70,Angelica Smith,Health,Other,138158,Twitter
71,Robert Kent,Health,Female,123907,YouTube
72,Ryan Griffin,Health,Other,433964,Instagram
73,Misty Dunn,Fitness,Female,577682,Twitter
74,Daniel Lewis,Fitness,Male,656297,TikTok
75,Daryl Tran,Lifestyle,Male,670062,YouTube
76,Sarah Norman,Fitness,Female,812817,YouTube
77,Thomas Duke,Lifestyle,Female,741596,YouTube
78,Richard Douglas,Lifestyle,Male,910699,YouTube
79,Shawn Norton,Lifestyle,Male,646983,TikTok
80,Kelsey Cantrell,Parenting,Female,770555,YouTube
81,Jake Proctor,Parenting,Male,293021,TikTok
82,Alejandro Lang,Fitness,Other,955483,Instagram
83,Susan Hardy,Parenting,Female,105758,Twitter
84,James Bowers,Fitness,Female,256356,TikTok
85,Michael Cowan,Parenting,Other,721029,Twitter
86,Joel Estes,Fitness,Other,667149,Twitter
87,Angela Bryan,Health,Other,521708,Instagram
88,Elizabeth Jackson,Fitness,Female,839176,Twitter
89,Jamie Anderson,Lifestyle,Other,905997,Twitter
90,Monica Gilbert,Fitness,Female,787260,TikTok
91,Dr. Karen Simon,Fitness,Other,505586,Twitter
92,Melanie Watson,Lifestyle,Other,310563,YouTube
93,Tammy Johnson,Lifestyle,Male,667531,YouTube
94,Christine Singh,Parenting,Female,285089,TikTok
95,Katrina Warren,Fitness,Male,792565,TikTok
96,John Velasquez,Fitness,Female,121950,YouTube
97,Joshua Myers,Health,Female,915788,Twitter
98,Renee Allen,Fitness,Other,202511,Twitter
99,John Rios,Lifestyle,Other,548744,Instagram
100,Tina Lee,Health,Female,605659,Twitter
101,Leslie Pace,Health,Female,433393,YouTube
102,Megan Miller,Parenting,Male,813129,YouTube
103,Crystal Rush,Fitness,Other,552032,TikTok
104,Carolyn Howard,Lifestyle,Other,814940,Instagram
105,Joy Burns,Parenting,Male,305739,YouTube
106,Paula Duran,Lifestyle,Female,847260,YouTube
107,Scott Wilson DDS,Health,Other,937843,Twitter
108,Edward Kelley,Health,Other,288223,YouTube
109,Alison Johnson,Fitness,Female,620599,Twitter
110,Melanie Duncan,Fitness,Other,570834,Instagram
111,Jessica Lopez,Fitness,Male,431555,TikTok
112,Ryan Sanchez,Lifestyle,Male,726033,YouTube
113,Lori Adkins,Lifestyle,Female,942824,Twitter
114,Glenn Jones,Lifestyle,Other,830660,Twitter
115,Anna Alvarado,Health,Female,635346,Twitter
116,Tracy Gonzalez,Fitness,Other,900506,Twitter
117,Kristina Hart,Parenting,Female,200986,Instagram
118,Tammy Nguyen,Fitness,Female,346649,Instagram
119,Lisa Diaz,Parenting,Male,732459,Twitter
120,John Cummings,Fitness,Male,329882,TikTok
121,Crystal Nelson,Fitness,Male,462080,Twitter
122,Alan Martin,Health,Other,846856,TikTok
123,Mark Harris,Parenting,Female,424726,YouTube
124,David Newton,Lifestyle,Female,703660,Instagram
125,Lori Rocha,Fitness,Other,162512,Instagram
126,Jerry Moon,Parenting,Other,910531,Instagram
127,Charles Raymond,Parenting,Female,166302,YouTube
128,Deborah Herrera,Lifestyle,Male,300310,YouTube
129,Christine Yang,Health,Female,896211,Twitter
130,Chad Mcgrath,Fitness,Female,512326,TikTok
131,Frederick Bray,Lifestyle,Male,65170,Instagram
132,Anna Meyer,Lifestyle,Female,770851,YouTube
133,Jillian Perez,Health,Other,339595,Twitter
134,Jodi Gonzalez,Parenting,Male,214802,Instagram
135,Patricia Perez,Fitness,Female,813228,TikTok
136,Joshua Cox,Fitness,Female,325411,Twitter
137,James Neal,Fitness,Female,177931,Instagram
138,Adriana Gardner,Parenting,Male,661017,YouTube
139,Megan Jordan,Fitness,Female,145612,Instagram
140,Crystal Howard,Fitness,Female,417778,YouTube
141,Jeremy Mcclure,Fitness,Other,715881,YouTube
142,Wanda Huber,Lifestyle,Female,857709,Twitter
143,Devin Kerr,Health,Other,593385,Instagram
144,Teresa White,Parenting,Female,82356,TikTok
145,Christopher Butler,Fitness,Male,996451,YouTube
146,Marcus Dean,Parenting,Male,686914,Instagram
147,Justin Thomas,Lifestyle,Other,479364,YouTube
148,Bradley Lee,Health,Other,561593,Twitter
149,William Powell,Lifestyle,Male,432856,TikTok
150,Joshua Wu,Lifestyle,Female,100464,Twitter
151,Taylor Prince,Health,Male,123693,YouTube
152,Julie Gibbs,Lifestyle,Other,575725,Twitter
153,Nicole Valdez,Parenting,Male,12291,YouTube
154,Lori Mason,Health,Other,982332,YouTube
155,Vanessa Walker,Health,Female,424422,YouTube
156,Manuel Anderson,Fitness,Other,54899,Twitter
157,Gary Miller,Fitness,Female,678055,TikTok
158,Brian Lopez Jr.,Parenting,Other,214190,TikTok
159,Jennifer Glass,Fitness,Male,901926,TikTok
160,William Myers,Fitness,Female,618308,YouTube
161,Jessica Ware,Lifestyle,Female,310073,Twitter
162,Michael Fowler,Health,Female,497075,Twitter
163,Lori Russo,Lifestyle,Female,611703,YouTube
164,Andrea Hansen,Health,Other,627328,YouTube
165,Nathan Taylor,Fitness,Female,582577,YouTube
166,Alan Delgado,Lifestyle,Female,113252,Twitter
167,Joseph Carter DDS,Health,Other,234409,YouTube
168,Andrew Harris,Health,Other,11350,YouTube
169,Olivia Christensen,Lifestyle,Female,909480,TikTok
170,Michael Poole,Parenting,Female,256132,Instagram
171,Steven Bryant,Health,Other,377146,Twitter
172,Jordan Cunningham,Lifestyle,Male,355553,YouTube
173,Jason Mitchell,Fitness,Female,578885,Instagram
174,Brittany Castaneda DDS,Lifestyle,Male,963139,TikTok
175,Stephen Williams,Parenting,Other,980221,Instagram
176,Dana Bailey,Fitness,Male,975132,Twitter
177,Michelle Robinson,Lifestyle,Other,199889,Instagram
178,Leslie White,Parenting,Other,36223,Instagram
179,Carly Greene,Lifestyle,Other,715534,Instagram
180,Lisa Williams,Lifestyle,Male,975687,Instagram
181,Kimberly Brock,Lifestyle,Other,555895,TikTok
182,Alejandro Daniel,Lifestyle,Other,937918,Instagram
183,Jamie Oconnor,Fitness,Other,468700,YouTube
184,Matthew Green,Parenting,Male,269008,YouTube
185,Sara Cisneros,Health,Female,579665,Twitter
186,David Kramer,Health,Female,851228,YouTube
187,Andrea Williams,Lifestyle,Female,512557,Twitter
188,Tyler Aguilar,Fitness,Female,397563,YouTube
189,Mary Wallace,Lifestyle,Female,815195,TikTok
190,William Avila,Parenting,Male,581040,TikTok
191,Chad Watson,Lifestyle,Male,941493,TikTok
192,Mitchell Carpenter,Fitness,Female,607290,YouTube
193,David Barajas,Fitness,Female,787071,YouTube
194,Kayla Buchanan,Health,Other,25201,Twitter
195,Jason Santiago,Lifestyle,Other,137746,TikTok
196,Debbie Evans,Health,Female,696920,TikTok
197,Ricky Baker,Fitness,Female,991190,YouTube
198,Teresa Morris,Fitness,Other,753043,Twitter
199,Jessica Brown,Health,Female,916331,Twitter
200,Courtney Wolf,Fitness,Other,960761,YouTube
201,Alejandro Lucas,Parenting,Female,291119,YouTube
202,Jacob Vaughn,Parenting,Other,71184,Twitter
203,April Ward,Parenting,Male,112284,YouTube
204,Mary Schaefer,Parenting,Other,322601,YouTube
205,Maria Manning,Fitness,Female,246748,YouTube
206,James Garza,Lifestyle,Other,574885,Instagram
207,Samuel Potter,Health,Other,270951,TikTok
208,Tricia Bailey,Fitness,Male,831898,TikTok
209,Connie Mckinney,Lifestyle,Female,160296,YouTube
210,Kevin Long,Parenting,Female,344670,YouTube
211,John Jones,Fitness,Other,67516,TikTok
212,Tiffany Wright,Lifestyle,Male,19891,Instagram
213,Antonio Jones,Health,Female,336245,Instagram
214,Michael Charles,Lifestyle,Other,432177,Twitter
215,Robert Anderson,Health,Other,898225,YouTube
216,Hayley Byrd,Fitness,Female,426031,YouTube
217,Amanda Santana,Fitness,Female,62325,Twitter
218,Dr. Michele Davis,Health,Male,649640,TikTok
219,Lisa Jackson,Lifestyle,Male,159954,TikTok
220,Joseph Jones,Lifestyle,Male,52995,Instagram
221,Chad Coleman,Parenting,Male,87754,Instagram
222,Stefanie Nguyen,Health,Female,26504,Twitter
223,Sara Floyd,Fitness,Male,682824,TikTok
224,Sara Davis,Health,Male,104314,Instagram
225,Pamela Smith,Parenting,Female,306348,Twitter
226,Margaret Walton,Fitness,Male,902948,Instagram
227,Kenneth Anderson,Health,Male,73048,Twitter
228,Wesley Dixon,Parenting,Female,445028,YouTube
229,Kyle Potter,Parenting,Male,898340,TikTok
230,Karen Bender,Health,Female,283326,TikTok
231,Omar Stewart,Fitness,Other,271535,Instagram
232,Jennifer Hardy,Health,Male,106149,YouTube
233,Bailey Shepard,Fitness,Male,230457,YouTube
234,Elizabeth Doyle,Lifestyle,Other,982810,Twitter
235,Nathaniel Schmidt,Parenting,Male,938758,Twitter
236,Michael Harding,Lifestyle,Other,603465,Instagram
237,Kevin Howard,Lifestyle,Other,819313,TikTok
238,Robert Thompson,Health,Other,708317,Twitter
239,Jesse Murphy,Fitness,Female,931327,TikTok
240,Jon Smith,Parenting,Female,253496,YouTube
241,Billy Barton,Lifestyle,Female,434021,Twitter
242,Barbara Conner,Parenting,Other,601768,Twitter
243,Terry Mejia,Fitness,Male,140272,TikTok
244,Tiffany Brown,Health,Female,519121,Twitter
245,Sarah Garrison,Lifestyle,Male,828278,Instagram
246,Christian Hebert,Fitness,Female,109313,Instagram
247,Hunter Jenkins,Lifestyle,Female,73301,Instagram
248,Dawn Smith,Fitness,Female,528817,YouTube
249,David Green,Lifestyle,Other,81981,YouTube
250,Robert Walls,Fitness,Other,301887,Instagram
251,Brandon Murray,Lifestyle,Male,336377,Twitter
252,Andrea Brennan,Fitness,Female,760884,YouTube
253,Jennifer Paul MD,Fitness,Male,310053,YouTube
254,Matthew Ellis,Fitness,Female,345695,Instagram
255,Sean Dyer,Health,Female,913814,Instagram
256,Jason Vasquez,Parenting,Female,483262,TikTok
257,Cynthia Warren,Fitness,Other,648284,Twitter
258,Connie Yates,Parenting,Other,532096,TikTok
259,Nicholas Henderson,Fitness,Female,48897,TikTok
260,Dawn Gibbs,Fitness,Female,808449,Instagram
261,Dr. Kelly Garcia,Fitness,Female,34592,Twitter
262,Nicholas Greene,Lifestyle,Male,980498,YouTube
263,Dominic Moon,Lifestyle,Other,12443,Twitter
264,Pamela Hancock,Lifestyle,Female,973269,TikTok
265,Christina Ortega,Fitness,Female,275291,Instagram
266,Stephanie Ellis,Health,Male,18424,Twitter
267,Jennifer White,Health,Other,494114,Twitter
268,Jeffrey Nash,Lifestyle,Female,252683,Twitter
269,Alexandra Wilson,Fitness,Male,973230,TikTok
270,Lindsay Clark,Fitness,Female,449410,TikTok
271,James Chavez,Lifestyle,Female,842257,Instagram
272,Johnathan Allison,Lifestyle,Male,421372,Twitter
273,Ryan Camacho,Health,Other,305007,Twitter
274,Allison Stanley,Lifestyle,Other,165921,Twitter
275,Courtney Hale,Lifestyle,Male,664134,Twitter
276,Angelica Wade,Health,Male,689683,Instagram
277,Stacey Harper,Parenting,Male,423589,YouTube
278,Stephanie Rosales,Health,Male,920711,YouTube
279,Tracy Perry,Lifestyle,Male,728157,YouTube
280,George Jones,Lifestyle,Male,893277,Twitter
281,Stacy Olson,Parenting,Female,282356,TikTok
282,David Smith,Fitness,Male,712812,TikTok
283,Kelly Nguyen,Lifestyle,Male,333058,TikTok
284,Melissa Strickland,Lifestyle,Female,105009,Instagram
285,Matthew Zimmerman,Fitness,Female,167871,TikTok
286,Valerie Contreras,Health,Other,386446,YouTube
287,John Davis,Parenting,Female,148949,Twitter
288,Jeffrey Mcgrath,Fitness,Male,254074,Instagram
289,Nicholas Dillon,Fitness,Female,763355,TikTok
290,Carl Allen,Fitness,Male,765607,YouTube
291,Angela Hayes,Health,Female,831292,TikTok
292,Dana Hernandez,Health,Female,343178,YouTube
293,Jason Morgan,Fitness,Male,847468,TikTok
294,Pamela Long,Lifestyle,Other,473753,Instagram
295,Jonathan Simpson,Health,Male,325821,Twitter
296,Michelle Cruz,Lifestyle,Other,870835,YouTube
297,Emma Owens,Fitness,Male,830833,Twitter
298,Tanner Walsh,Parenting,Other,412738,YouTube
299,Elizabeth Jones DDS,Parenting,Female,53935,Instagram
300,Timothy Hull,Fitness,Other,155823,Twitter
301,Erik Sandoval,Fitness,Female,863234,Twitter
302,Stephen Gutierrez,Fitness,Female,744862,Twitter
303,Jennifer Evans,Lifestyle,Male,862104,TikTok
304,Anthony Elliott,Health,Other,215731,TikTok
305,Gregory Park,Health,Female,634533,YouTube
306,Donald Thomas,Lifestyle,Female,311836,YouTube
307,Stephen Henderson,Fitness,Male,149432,YouTube
308,Tina Mack,Parenting,Female,844155,Instagram
309,Brittany Barr,Lifestyle,Male,755933,YouTube
310,Melissa Brown,Health,Female,293033,TikTok
311,Angela Cummings MD,Parenting,Male,955596,YouTube
312,Miss Tammy Harvey DVM,Fitness,Male,84283,Instagram
313,Kelly Rojas,Health,Other,461157,Twitter
314,Mark Moore,Fitness,Male,348717,YouTube
315,Stefanie Cole,Parenting,Male,721244,Instagram
316,Walter Green,Parenting,Male,432111,Instagram
317,Steven Sanders,Lifestyle,Other,718516,YouTube
318,Laura Dixon,Fitness,Other,166473,TikTok
319,John York,Fitness,Female,380514,Twitter
320,Martha Young,Fitness,Female,298418,YouTube
321,Carrie Hogan,Fitness,Other,597897,Instagram
322,Eric Shannon,Fitness,Other,142603,Twitter
323,Kyle Craig,Health,Male,128448,TikTok
324,Stephen Dunn,Health,Male,900554,Instagram
325,Carol Watson,Health,Male,403459,Instagram
326,Brian Rivera,Fitness,Female,782316,YouTube
327,Nicholas Richmond,Fitness,Other,656278,TikTok
328,William Wang,Parenting,Male,354098,YouTube
329,Robert Alexander,Parenting,Female,84918,TikTok
330,Dr. Cory Chandler,Parenting,Other,820245,Instagram
331,Robert Perkins,Lifestyle,Female,801885,YouTube
332,Amanda Perez,Lifestyle,Male,318288,YouTube
333,Tonya Perry,Parenting,Female,883581,YouTube
334,Christine Shelton,Parenting,Other,88676,Twitter
335,Danielle Liu,Health,Female,430250,Instagram
336,Kristin Carr,Health,Other,576229,Instagram
337,Molly Andrews,Health,Male,126106,TikTok
338,Laura Ellis,Health,Other,796440,TikTok
339,James Porter,Parenting,Other,932505,YouTube
340,Ashley English,Lifestyle,Female,488389,TikTok
341,Brandi Murray,Fitness,Other,521018,Instagram
342,Tammy Knight,Lifestyle,Other,341383,YouTube
343,Joy Murphy,Health,Female,567168,TikTok
344,Jeff Hart,Lifestyle,Female,166589,Twitter
345,Darryl West,Lifestyle,Other,797774,YouTube
346,Warren Bowman,Parenting,Female,896192,TikTok
347,Laura Walters,Health,Male,174605,YouTube
348,Elizabeth Davis,Health,Male,449775,Instagram
349,Ashley Johnson,Fitness,Female,124078,Twitter
350,Katherine Scott,Parenting,Female,623310,Instagram
351,Joshua Lawrence,Lifestyle,Other,643991,Instagram
352,Jasmine Berry,Fitness,Female,710927,Twitter
353,John Castillo,Lifestyle,Male,928183,YouTube
354,Christy Nichols,Health,Male,49867,YouTube
355,Debra Torres,Fitness,Other,712340,TikTok
356,Amanda Serrano,Lifestyle,Male,856238,TikTok
357,Willie Reed,Lifestyle,Male,786070,Twitter
358,Amy Kelley,Fitness,Other,902669,Instagram
359,Steven Wright,Lifestyle,Male,768700,TikTok
360,Wanda Phillips,Health,Male,307006,TikTok
361,Sharon Anderson,Fitness,Other,803741,YouTube
362,Chad Holder,Parenting,Other,745000,YouTube
363,Robin Park,Health,Female,412516,YouTube
364,Erika Crawford,Parenting,Female,913598,TikTok
365,Mr. David Jordan,Health,Female,929644,TikTok
366,Chelsea Miller,Lifestyle,Other,750781,Instagram
367,Gabriel Thompson,Parenting,Male,414908,Twitter
368,Marc Gonzalez,Parenting,Female,247726,Twitter
369,Michelle Cruz,Health,Male,802115,YouTube
370,Jason Harvey,Fitness,Female,608910,YouTube
371,Jessica Ewing,Fitness,Male,658963,Instagram
372,Samantha Duarte,Parenting,Male,718725,Twitter
373,Martha Watkins,Health,Male,712440,YouTube
374,Kristy Ford,Parenting,Male,263485,TikTok
375,Melinda Norris,Lifestyle,Female,210860,TikTok
376,Elizabeth Cortez,Fitness,Male,996544,Instagram
377,Daniel Campbell,Fitness,Other,934864,YouTube
378,Nathan Cabrera,Lifestyle,Female,21871,TikTok
379,Mary Hamilton,Fitness,Female,108560,TikTok
380,Joseph Smith,Lifestyle,Male,11859,Twitter
381,Hector Sandoval,Parenting,Other,192270,Instagram
382,Michael Jenkins,Fitness,Female,905443,Twitter
383,Leslie Cain,Lifestyle,Female,553418,Instagram
384,Emily Castro,Lifestyle,Other,541687,Instagram
385,Matthew Miller,Lifestyle,Male,766477,Twitter
386,Leslie Mack,Fitness,Other,247988,YouTube
387,Anthony Moore,Lifestyle,Female,336733,TikTok
388,Rachel Woodard,Lifestyle,Male,473225,TikTok
389,Felicia Baker,Lifestyle,Female,95683,YouTube
390,Debra Gordon,Health,Other,56327,Instagram
391,Jermaine Kennedy,Parenting,Female,893062,TikTok
392,Daniel Erickson,Lifestyle,Female,841309,TikTok
393,Daniel Mack,Health,Male,574981,YouTube
394,Kyle Patel,Lifestyle,Male,317711,Twitter
395,Samantha Jackson,Health,Female,225681,TikTok
396,Connor Howard,Health,Other,797476,Instagram
397,David Morgan,Fitness,Male,670252,YouTube
398,Johnny Keller,Parenting,Female,330587,YouTube
399,Angela Hale,Health,Male,203873,Twitter
400,Isaiah Montgomery,Health,Male,860341,Instagram
401,Edward Thomas,Lifestyle,Male,182008,YouTube
402,Lisa Duffy,Health,Female,951727,Twitter
403,Kelly Harmon,Lifestyle,Male,327096,Twitter
404,Melissa Baker,Parenting,Female,985637,TikTok
405,Kevin Preston,Health,Male,608499,Twitter
406,Ryan Peters,Fitness,Male,467129,Instagram
407,Victoria Jennings,Health,Other,843675,Twitter
408,Renee Perez,Fitness,Male,382024,Instagram
409,Abigail Sanchez,Health,Female,858340,Twitter
410,Christina Castillo,Fitness,Female,545047,Instagram
411,Katherine Sanders,Parenting,Male,37803,TikTok
412,Mark Mitchell,Health,Male,623176,TikTok
413,Hannah Lopez,Parenting,Male,814020,YouTube
414,Jose Key,Lifestyle,Other,124389,YouTube
415,Deanna Landry,Fitness,Female,911107,Twitter
416,Robert Contreras,Health,Female,755423,Instagram
417,Tiffany Parsons,Lifestyle,Other,677851,Twitter
418,Justin Kelly,Health,Other,653824,YouTube
419,Jeffrey Aguilar,Fitness,Female,656672,Twitter
420,Cindy Baldwin,Lifestyle,Other,346434,Twitter
421,Teresa Hunt DDS,Lifestyle,Other,934550,Instagram
422,Brittany Perry,Parenting,Male,620236,YouTube
423,Kimberly Shepherd,Fitness,Other,631267,Twitter
424,Brittany Perkins,Health,Female,13043,TikTok
425,George Carr,Fitness,Female,447235,Twitter
426,Jerry Mcneil,Lifestyle,Female,382277,Instagram
427,Catherine Marsh,Lifestyle,Male,956600,Twitter
428,Roger Edwards,Parenting,Other,880203,TikTok
429,William Phillips,Health,Other,478523,YouTube
430,David Nelson,Lifestyle,Female,322652,Instagram
431,Anthony Hoffman,Health,Male,804344,YouTube
432,April Clark,Fitness,Male,172844,Instagram
433,Sandra Perez,Health,Female,826810,Twitter
434,Wayne Smith,Fitness,Female,21172,TikTok
435,Alex Watson,Health,Other,923468,Instagram
436,Nicole Smith,Lifestyle,Other,276170,Twitter
437,David Cook,Fitness,Female,496460,Twitter
438,Sheri Zuniga,Health,Other,428631,YouTube
439,Scott Kelly,Fitness,Other,682787,Twitter
440,Wesley Johnson,Fitness,Female,850619,Twitter
441,Danielle Burke,Fitness,Male,694087,YouTube
442,Samantha Wright,Fitness,Other,125375,Instagram
443,Morgan Russell,Health,Other,703577,TikTok
444,Joseph Pena,Fitness,Male,346782,Instagram
445,Heidi Sosa,Lifestyle,Male,565768,Twitter
446,Laura Wright,Parenting,Male,903131,YouTube
447,Patrick Perkins,Lifestyle,Male,199879,YouTube
448,Mrs. Tiffany Barnett,Lifestyle,Male,211911,Instagram
449,Natasha Brown,Health,Male,29501,Instagram
450,Lindsey Robinson,Fitness,Other,260296,Twitter
451,Bobby Castillo,Lifestyle,Female,875324,Twitter
452,Matthew Brown,Health,Male,140511,Twitter
453,Matthew Ward,Parenting,Other,258361,TikTok
454,Steven Gilbert,Parenting,Other,87245,Twitter
455,Lisa Hughes,Fitness,Male,667415,TikTok
456,Melanie Ayers,Lifestyle,Male,595555,Twitter
457,Andrew Murray,Lifestyle,Other,173853,TikTok
458,Shannon Boone,Health,Male,59945,Instagram
459,Dwayne Palmer,Health,Female,536437,Instagram
460,Christopher Daniels,Parenting,Male,383236,YouTube
461,John Fuller,Parenting,Male,285752,TikTok
462,Jonathan Blevins,Fitness,Male,628220,TikTok
463,Lindsey Moore,Health,Female,506668,YouTube
464,Michael Berger MD,Parenting,Female,475598,Instagram
465,Courtney Black,Fitness,Female,798236,Twitter
466,Emily Peterson,Lifestyle,Male,546929,TikTok
467,April Warner,Parenting,Female,129765,TikTok
468,Joanne Savage,Parenting,Female,257788,Instagram
469,Mrs. Brenda Lawrence,Parenting,Other,679145,TikTok
470,Michael Fletcher,Parenting,Male,489674,Twitter
471,Kimberly Fitzgerald,Health,Female,694334,Instagram
472,Angela Lee,Lifestyle,Other,70631,Twitter
473,Robert Diaz,Parenting,Male,76295,Instagram
474,Kathleen Morgan,Parenting,Other,865828,TikTok
475,Mr. Lucas Reilly,Lifestyle,Male,132206,YouTube
476,Richard Baldwin,Fitness,Female,942363,TikTok
477,Mark Pittman,Fitness,Female,290169,Instagram
478,Eric Davis,Health,Other,99111,YouTube
479,Michelle Edwards,Lifestyle,Other,323108,Twitter
480,Jermaine Davis,Fitness,Other,137491,YouTube
481,Jason Taylor,Parenting,Female,323112,Twitter
482,Tracey Dixon,Parenting,Other,827159,Twitter
483,Jonathon Owens,Lifestyle,Female,55731,TikTok
484,Donald Cole,Parenting,Female,618033,TikTok
485,Christopher Figueroa,Parenting,Male,832385,TikTok
486,Scott Dennis,Health,Female,338241,Twitter
487,Zachary Perez,Parenting,Male,862205,Twitter
488,Willie Harris,Parenting,Other,605802,Instagram
489,Kelly White,Health,Male,545613,TikTok
490,Ryan Hughes,Health,Female,526956,Instagram
491,Anthony Jackson,Parenting,Male,580494,TikTok
492,Jessica Russell,Fitness,Female,385516,YouTube
493,Shawn Taylor,Fitness,Other,785881,TikTok
494,Michelle Pope,Parenting,Other,558139,Instagram
495,Michael Ashley,Fitness,Female,77743,TikTok
496,Darlene Murphy,Fitness,Female,337175,Twitter
497,Caitlin Kim,Lifestyle,Other,605381,YouTube
498,Anna West MD,Parenting,Female,480416,Twitter
499,Mark Smith,Lifestyle,Male,752283,Instagram
500,Tyler Guerrero,Fitness,Female,796044,YouTube
